{
  "title": "Middle East Military Computer Market",
  "subtitle": "Middle East Military Computer Market by Component (Hardware, Software, and Service), by Product (Rugged Computer, Embedded Computer, and Wearable Computer), by Application, and by End-User \u2013 Opportunity Analysis and Industry Forecast, 2025\u20132030",
  "industry": "Aerospace & Defense",
  "publish_date": "06-Nov-2025",
  "report_code": "AD3648",
  "no_of_pages": 202,
  "no_of_tables": 146,
  "no_of_figures": 91,
  "format": "PDF",
  "industry_outlook_snapshot": {
    "market_size_2024_usd_million": 170.2,
    "market_size_2025_usd_million": 185.57,
    "revenue_forecast_2030_usd_million": 243.3,
    "cagr_2025_2030_percent": 5.6,
    "analysis_period": "2024-2030",
    "base_year": 2024,
    "forecast_period": "2025-2030"
  },
  "key_segments": {
    "by_component": [
      "Hardware",
      "Software",
      "Service"
    ],
    "by_product": [
      "Rugged Computer",
      "Embedded Computers",
      "Wearable Computers"
    ],
    "by_application": [
      "Command and Control Systems",
      "Communication Systems",
      "Combat and Tactical Operations",
      "Intelligence, Surveillance, and Reconnaissance (ISR) Systems",
      "Others"
    ],
    "by_end_user": [
      "Army",
      "Navy",
      "Air Force"
    ]
  },
  "key_players_sample": [
    "BAE Systems",
    "Elbit Systems Ltd.",
    "Microchip Technology Inc.",
    "Northrop Grumman Corporation",
    "Panasonic Holdings Corporation",
    "Collins Aerospace",
    "Intel Corporation",
    "ADLINK Technology Inc.",
    "Barco NV",
    "Dell Technologies",
    "Qualcomm Technologies, Inc.",
    "Advanced Micro Devices, Inc.",
    "Thales Group",
    "L3Harris Technologies, Inc.",
    "NVIDIA Corporation"
  ],
  "snapshot_date": "2025-11-29",
  "source_url": "https://www.nextmsc.com/report/middle-east-military-computer-market-ad3648"
}